quiz;question_no;question;choice_A;choice_B;choice_C;choice_D;correct_letter;hint
"Technologie & Ethik";1;"Warum soll man sich mit Technologie beschäftigen?";"Weil Technologie nur Unterhaltung ist";"Weil Technologie Arbeit, Kommunikation und Entscheidungen prägt und Folgen hat";"Weil Technologie immer moralisch richtig handelt";"Weil Technologie nur Technik-Fachleute betrifft";B;""
"Technologie & Ethik";2;"Was ist ein zentraler Zweck von Ethik laut Notizen?";"Diskussionen zu beenden";"Gutes Handeln zu reflektieren und ein gutes Leben für alle zu unterstützen";"Gesetze überflüssig zu machen";"Technik vollständig zu ersetzen";B;""
"Technologie & Ethik";3;"Welcher Punkt ist ein Vorteil, wenn Unternehmen ethisch handeln?";"Schlechtere Produktqualität";"Vertrauenswürdiges Markenimage";"Mehr Intransparenz";"Weniger Verantwortung";B;""
"Technologie & Ethik";4;"Welche Frage gehört zu „Technologie und moralisches Handeln“?";"Wie schnell ist ein Algorithmus?";"Was passiert, wenn eine Maschine moralisch relevante Handlungen ausführt?";"Wie viele Daten hat ein Unternehmen?";"Welche Programmiersprache ist am besten?";B;""
"Technologie & Ethik";5;"Welche Herausforderung wird bei vielen Beteiligten an einem System betont?";"Niemand kann jemals verantwortlich sein";"Verantwortung wird komplex, weil viele Entwickler beteiligt sind";"Verantwortung liegt immer nur bei Nutzern";"Verantwortung liegt immer nur beim Staat";B;""
"Technologie & Ethik";6;"Was bedeutet „Technologie ist wertneutral“?";"Technologie ist grundsätzlich gut";"Technologie ist ein Mittel zum Zweck; moralisch wird es durch Nutzung";"Technologie ist grundsätzlich böse";"Technologie enthält nie Risiken";B;""
"Technologie & Ethik";7;"Welches Beispiel passt zur wertneutralen Sicht?";"Soziale Medien fördern immer Hass";"Eine Waffe ist an sich böse";"Entscheidend ist, wie eine Waffe genutzt wird";"Technik kann nicht missbraucht werden";C;""
"Technologie & Ethik";8;"Was bedeutet „Technologie ist wertbeladen“?";"Technologie verstärkt keine Werte";"Technologie kann bestimmte Werte/Handlungen verstärken";"Technologie ist immer identisch mit Moral";"Technologie ist rein zufällig";B;""
"Technologie & Ethik";9;"Welches Beispiel passt zur wertbeladenen Sicht?";"Social Media kann Hass oder Zusammenhalt fördern – je nach Nutzung";"Ein Hammer ist immer unmoralisch";"Ein Algorithmus hat nie Einfluss";"Technik ist immer neutral";A;""
"Technologie & Ethik";10;"Was beschreibt die instrumentelle Sicht auf Technologie am besten?";"Technologie ist nur Besitz";"Technologie dient zur Problemlösung; Menschen entscheiden über Einsatz";"Technologie ist reine Natur";"Technologie verhindert Entscheidungen";B;""
"Technologie & Ethik";11;"Welche Aussage gehört zur instrumentellen Sicht laut Notizen?";"Menschen entscheiden, wie Technologie eingesetzt wird";"Technik entscheidet immer selbst";"Technik ist nur moralische Theorie";"Technik ist unabhängig vom Menschen";A;""
"Technologie & Ethik";12;"Was meint die anthropologische Sicht?";"Technologie verändert Menschen nicht";"Technologie ist Teil unseres Lebens und verändert Erfahrungen und Fähigkeiten";"Technologie betrifft nur Fabriken";"Technologie ist ausschließlich Hardware";B;""
"Technologie & Ethik";13;"Welches Beispiel zeigt anthropologischen Einfluss besonders direkt?";"Bodenschwellen zwingen uns langsamer zu fahren";"Ein Stuhl steht im Raum";"Papier ist weiß";"Ein Passwort ist lang";A;""
"Technologie & Ethik";14;"Welches Beispiel aus den Notizen verändert unser Verständnis von Schwangerschaft?";"Warnton im Auto";"Ultraschallbilder";"Bodenschwellen";"NFTs";B;""
"Technologie & Ethik";15;"Was zeigt das Beispiel COVID-19/Zoom in den Notizen?";"Technik ist immer transparent";"Präsenz/Anwesenheit verändert sich durch digitale Vermittlung";"Ethik ist unnötig";"Algorithmen sind immer fair";B;""
"Technologie & Ethik";16;"Was ist „Entkopplung (Decoupling)“?";"Technik verbindet alles wie früher";"Technik trennt Dinge, die früher zusammengehörten";"Technik schafft keine neuen Beziehungen";"Technik macht alles automatisch gerecht";B;""
"Technologie & Ethik";17;"Welches Beispiel steht explizit für Entkopplung?";"Ultraschallbild";"Zoom-Meeting: anwesend, aber nicht am selben Ort";"Warnton im Auto";"Bodenschwelle";B;""
"Technologie & Ethik";18;"Was ist „Wiederverknüpfung (Recoupling)“?";"Technik zerstört Zusammenhänge dauerhaft";"Technik verbindet entkoppelte Dinge auf neue Weise";"Technik verhindert jede Interaktion";"Technik macht Analoges irrelevant";B;""
"Technologie & Ethik";19;"Welche Entkopplungs-/Wiederverknüpfungs-Paarung wird genannt?";"Temperatur ↔ Farbe";"Digitale Güter ↔ Physische Güter";"Lärm ↔ Geschmack";"Wetter ↔ Musik";B;""
"Technologie & Ethik";20;"Worum geht es beim Problem „Digitale Güter ↔ Physische Güter“?";"Wie man NFTs bewertet und welche Folgen entstehen";"Warum Zoom illegal ist";"Warum Daten nie gespeichert werden dürfen";"Warum Algorithmen keine Muster erkennen";A;""
"Technologie & Ethik";21;"Welche Risiken werden bei digitalen Gütern (z. B. NFTs) genannt?";"Betrug, ungleicher Zugang, Umweltschäden";"Nur schnellerer Versand";"Nur bessere Privatsphäre";"Keine Risiken, nur Nutzen";A;""
"Technologie & Ethik";22;"Welche Paarung wird ebenfalls diskutiert?";"Standort ↔ Anwesenheit";"Farbe ↔ Lautstärke";"Preis ↔ Temperatur";"Energie ↔ Geschmack";A;""
"Technologie & Ethik";23;"Welche Frage gehört zum Problem „Standort ↔ Anwesenheit“?";"Ob virtuelle Anwesenheit Verantwortung bedeutet";"Ob Papier recycelbar ist";"Ob ein Akku lädt";"Ob WLAN schnell ist";A;""
"Technologie & Ethik";24;"Welches Risiko wird bei „Standort ↔ Anwesenheit“ genannt?";"Überwachung";"Nur mehr Freizeit";"Garantierte Chancengleichheit";"Vollständige Anonymität";A;""
"Technologie & Ethik";25;"Welche weitere Gefahr wird bei „Standort ↔ Anwesenheit“ genannt?";"Verschwimmen von Privatleben und Arbeit";"Keine Daten entstehen";"Perfekte Gerechtigkeit";"Keine sozialen Effekte";A;""
"Technologie & Ethik";26;"Was ist das Thema von „Ethik der Algorithmen“ in den Notizen?";"Reine Effizienzsteigerung ohne Nebenwirkungen";"Ethische Risiken durch algorithmische Entscheidungen";"Programmieren ohne Daten";"Hardware-Reparatur";B;""
"Technologie & Ethik";27;"Welche Folge können unvollständige Daten haben?";"Menschen werden unfair bestraft";"Entscheidungen werden automatisch gerecht";"Black Boxes werden transparent";"Diskriminierung verschwindet";A;""
"Technologie & Ethik";28;"Was ist ein Risiko von Vorurteilen in Trainingsdaten?";"Algorithmen übernehmen Diskriminierung";"Algorithmen ignorieren immer Trainingsdaten";"Algorithmen werden automatisch erklärbar";"Algorithmen werden wertneutral im Ergebnis";A;""
"Technologie & Ethik";29;"Was bedeutet „Black Box“ im Kontext der Notizen?";"Entscheidungen sind immer nachvollziehbar";"Man versteht die Entscheidung nicht; Widerspruch ist schwer möglich";"Daten sind immer vollständig";"Verantwortung ist immer eindeutig";B;""
"Technologie & Ethik";30;"Welche ethische Dimension wird durch „Ungleichbehandlung“ besonders verletzt?";"Gerechtigkeit (Justice)";"Erklärbarkeit (Explainability)";"Nachhaltigkeit als Techniktyp";"Besitzrecht";A;""
"Technologie & Ethik";31;"Was beschreibt „Verhaltensbeeinflussung“ in den Notizen?";"Werbung/Überwachung verändert Verhalten; Verlust von Freiheit und Privatsphäre";"Technik verändert Verhalten nie";"Nur Bücher beeinflussen Verhalten";"Einfluss ist immer positiv und freiheitssteigernd";A;""
"Technologie & Ethik";32;"Was ist das Problem „unklare Verantwortung“?";"Niemand fühlt sich zuständig, wenn etwas schiefgeht";"Verantwortung liegt immer eindeutig beim Praktikanten";"Verantwortung existiert nicht";"Verantwortung kann nicht verteilt werden";A;""
"Technologie & Ethik";33;"Welche Antwort beschreibt „Transparenz“ als Gegenmittel zur Black Box am besten?";"Verbergen der Entscheidungslogik";"Verständliche Erklärungen, wie und warum entschieden wurde";"Mehr Komplexität ohne Kommunikation";"Nur schnelleres Rechnen";B;""
"Technologie & Ethik";34;"Welcher Begriff aus den Notizen steht in enger Verbindung zu „Verantwortlichkeit“?";"Accountability";"Encryption";"Latency";"Rendering";A;""
"Technologie & Ethik";35;"Welche Kombination passt am besten zu typischen Algorithmen-Risiken aus den Notizen?";"Unvollständige Daten + Bias + Black Box";"Mehr Papier + weniger Strom + besseres Wetter";"Weniger Kaffee + mehr Sport + früher Schlaf";"Mehr Speicher + schönere Farben + neue Icons";A;""
"Technologie & Ethik";36;"Wie heißen die fünf ethischen Prinzipien in den Notizen?";"Profit, Speed, Growth, Fun, Design";"Beneficence, Non-Maleficence, Autonomy, Justice, Explainability";"Privacy, Security, Marketing, Sales, HR";"Ordnung, Sauberkeit, Pünktlichkeit, Stil, Mut";B;""
"Technologie & Ethik";37;"Wofür steht Beneficence (Wohltun) primär?";"Gemeinwohl und Wohlbefinden fördern";"Strafen erhöhen";"Entscheidungen verstecken";"Diskriminierung legitimieren";A;""
"Technologie & Ethik";38;"Welches Ziel wird unter Beneficence genannt?";"Frieden";"Maximale Intransparenz";"Ausschluss von Minderheiten";"Datenhandel um jeden Preis";A;""
"Technologie & Ethik";39;"Welche Schwäche wird bei Beneficence genannt?";"Schwer messbar und oft zu allgemein";"Zu mathematisch exakt";"Zu leicht zu messen";"Nur für kleine Systeme geeignet";A;""
"Technologie & Ethik";40;"Wofür steht Non-Maleficence (Nicht-Schaden)?";"Risiken ignorieren";"Sicherheit und Schutz vor Missbrauch; vorsichtiger Einsatz";"Maximale Überwachung";"Entscheidungsfreiheit reduzieren";B;""
"Technologie & Ethik";41;"Welcher Punkt gehört zu Non-Maleficence?";"Schutz vor Missbrauch";"Keine Erklärungen geben";"Diskriminierung erhöhen";"Werbung verstärken";A;""
"Technologie & Ethik";42;"Was umfasst Autonomy (Autonomie) in den Notizen?";"Ausschließlich Unternehmensfreiheit";"Selbstbestimmung, Datenkontrolle, Consent, Wahlfreiheit";"Nur Geschwindigkeit von Entscheidungen";"Nur technische Robustheit";B;""
"Technologie & Ethik";43;"Welches Problem wird bei Autonomy besonders betont?";"Datenschutz und KI-Überwachung machen Autonomie schwierig";"Autonomie ist immer leicht umsetzbar";"Autonomie ist identisch mit Profit";"Autonomie betrifft nur Hardware";A;""
"Technologie & Ethik";44;"Justice (Gerechtigkeit) zielt vor allem auf was?";"Keine Diskriminierung und Chancengleichheit";"Maximale Geheimhaltung";"Niedrige Auflösung";"Schnelle Lieferzeiten";A;""
"Technologie & Ethik";45;"Welcher Punkt gehört zu Justice?";"Vielfalt und Inklusion";"Black Box";"Bodenschwellen";"Zoom-Latenz";A;""
"Technologie & Ethik";46;"Explainability (Erklärbarkeit) umfasst laut Notizen insbesondere:";"Verständlichkeit, Transparenz, Kommunikation, Accountability";"Nur Marketingtexte";"Nur Verschlüsselung";"Nur Datensparsamkeit";A;""
"Technologie & Ethik";47;"Welche Schwäche wird bei Explainability genannt?";"Oft zu komplex/intransparent („Black Box“)";"Immer vollständig verständlich";"Nie relevant für KI";"Erklärbarkeit verhindert Verantwortung";A;""
"Technologie & Ethik";48;"Welche Zuordnung passt zur Merkhilfe „GUTES“ in den Notizen?";"Gerechtigkeit, Unabhängigkeit (Autonomie), Transparenz (Explainability), Ethik (Wohltun), Schutz (Nicht-Schaden)";"Gewinn, Umsatz, Team, Effizienz, Sicherheit";"Gewalt, Unwissen, Technik, Egoismus, Stress";"Genuss, Urlaub, Training, Essen, Schlaf";A;""
"Technologie & Ethik";49;"Welche Aussage entspricht dem Merksatz „Algorithmen = unsichtbare Entscheider“ am besten?";"Algorithmen haben keinen Einfluss auf Menschen";"Algorithmische Entscheidungen wirken oft verborgen und brauchen Transparenz";"Algorithmen sind immer gerecht";"Algorithmen sind nur Deko";B;""
"Technologie & Ethik";50;"Welche Aussage entspricht „Technologie = neutral – aber ihr Einsatz ist moralisch“?";"Nur der Code zählt, nicht die Nutzung";"Die moralische Bewertung hängt stark davon ab, wie Technologie eingesetzt wird";"Technologie ist immer unmoralisch";"Moral hat nichts mit Technik zu tun";B;""
